{"noiseKey":{"private":{"type":"Buffer","data":"cKfnDPdIRnLiF7hekARq5y0DZyiLVSc2MrYh0qfRbkE="},"public":{"type":"Buffer","data":"7iVOCRLJV09eEnILlrH1WTgWO6rOcklbFIdq938ns24="}},"pairingEphemeralKeyPair":{"private":{"type":"Buffer","data":"+LcT7qf92/G+iUOPdG/WmXE7NcEOYfdx7+SpHHlwAkc="},"public":{"type":"Buffer","data":"3rV8tTyPoBA99jqpIsKzpt7cSbfHqvOHp5dGp0CcCAE="}},"signedIdentityKey":{"private":{"type":"Buffer","data":"eOLnFAp5J8NJr2aYk0caGVkyUe8YqBtB7UlhtlwOgF4="},"public":{"type":"Buffer","data":"/tfVQRnuJzNGEpD5TvhGptqTbBvo6B5B8Wndysl8gXc="}},"signedPreKey":{"keyPair":{"private":{"type":"Buffer","data":"ODim4qdlT2WYWa5DbdKgk4kwAnkzppmTngjP1AyXI1s="},"public":{"type":"Buffer","data":"yH2d4sr/h50JYRzsQDSeKB1Te4Zl4RV+RPbPRnQ4XkA="}},"signature":{"type":"Buffer","data":"mgTcrp4QdFi3zsk3zEDftdTgIncsM/s+CUR43lsTClxw1FxgoleH0ApOWhgBoQsCuyx2gp79h+dSPH0FKLFaDw=="},"keyId":1},"registrationId":172,"advSecretKey":"F3dh9Or+YB/b+83bv4BHF+riCQfPlBpi6DpUwqhM5Do=","processedHistoryMessages":[{"key":{"remoteJid":"254716573168@s.whatsapp.net","fromMe":true,"id":"4B2287B386796BDF099A3F26B7467FC2"},"messageTimestamp":1711798859},{"key":{"remoteJid":"254716573168@s.whatsapp.net","fromMe":true,"id":"A7BD51D800FD46849A2D3EA354BC0195"},"messageTimestamp":1711798861},{"key":{"remoteJid":"254716573168@s.whatsapp.net","fromMe":true,"id":"D4A295999F18505454E1E72C09BB374C"},"messageTimestamp":1711798862},{"key":{"remoteJid":"254716573168@s.whatsapp.net","fromMe":true,"id":"431F1F1D7B063CB16F45C92850C72290"},"messageTimestamp":1711798862}],"nextPreKeyId":31,"firstUnuploadedPreKeyId":31,"accountSyncCounter":1,"accountSettings":{"unarchiveChats":false},"deviceId":"vmNuWmfaSaK70H_DvLgJUg","phoneId":"d9ad93db-ce9d-475e-95b1-2307646a50b9","identityId":{"type":"Buffer","data":"5Cf0AsrkLS23MhYVUw7+isBBlA4="},"registered":true,"backupToken":{"type":"Buffer","data":"ZLVfrPOIEvNpezHlXoZ6Qm70VUI="},"registration":{},"pairingCode":"JPWSBJ4V","me":{"id":"254716573168:1@s.whatsapp.net","lid":"251921726238935:1@lid","name":"Siddharth Nigam"},"account":{"details":"CMb04ukEEMX0n7AGGAEgACgA","accountSignatureKey":"mgWCwtVsBGE35Zce6YQ4CZ3BYSRE+OQUTZL6VG+taWs=","accountSignature":"WfWxIXFiAhFXCs9c40Jm76oA1QQAu2jfHHcaPc4Vv+P1XnmfgMUfeiyHv64Gk+/sJ+EEABQbP79C7cf/bKQMAw==","deviceSignature":"VJ4u+kiZDO7dmOUWRdfjQV5o6x6VOKICM0BRC5tVI8M+Z2C50W1yql+Hi55jU9423iHd01loLwutg0XbPktSCw=="},"signalIdentities":[{"identifier":{"name":"254716573168:1@s.whatsapp.net","deviceId":0},"identifierKey":{"type":"Buffer","data":"BZoFgsLVbARhN+WXHumEOAmdwWEkRPjkFE2S+lRvrWlr"}}],"platform":"android","lastAccountSyncTimestamp":1711798856,"myAppStateKeyId":"AAAAAPL+"}